id,status,rating,email,img,nickname,review,date,productId,handle,variant,verified_purchase,orderId,reply,replied_at
test 001,Active,1,2@11.com,https://images.loox.io/uploads/2021/9/18/Vk9VTuRzo.jpg,test001 id,test001 id,2021-09-18T06:58:21.975Z,7.23E+12,test461,,,,,
test 002,Active,2,2@12.com,https://images.loox.io/uploads/2021/9/18/Vk9VTuRzo.jpg,test002 id,test002 id,2021-09-18T07:00:29.395Z,7.23E+12,test461,,,,,
test 003,Active,3,2@13.com,https://images.loox.io/uploads/2021/9/18/Vk9VTuRzo.jpg,test003 id,test003 id,2021-09-18T06:41:08.616Z,7.23E+12,test461,,,,,
test 004,Active,4,2@14.com,https://images.loox.io/uploads/2021/9/18/Vk9VTuRzo.jpg,test004 id,test004 id,2021-09-18T06:41:08.616Z,7.23E+12,test461,,,,,
test 005,Active,5,2@15.com,https://images.loox.io/uploads/2021/9/18/Vk9VTuRzo.jpg,test005 id,test005 id,2021-09-18T06:58:21.976Z,7.23E+12,test461,,,,,
test 006,Active,6,2@16.com,https://images.loox.io/uploads/2021/9/18/Vk9VTuRzo.jpg,test006 id,test006 id,2021-09-18T07:00:29.396Z,7.23E+12,test461,,,,,
test 007,Active,7,2@17.com,https://images.loox.io/uploads/2021/9/18/Vk9VTuRzo.jpg,test007 id,test007 id,2021-09-18T06:41:08.616Z,7.23E+12,test461,,,,,
test 008,Active,8,2@18.com,https://images.loox.io/uploads/2021/9/18/Vk9VTuRzo.jpg,test008 id,test008 id,2021-09-18T06:41:08.616Z,7.23E+12,test461,,,,,
test 009,Active,9,2@19.com,https://images.loox.io/uploads/2021/9/18/Vk9VTuRzo.jpg,test009 id,test009 id,2021-09-18T06:58:21.977Z,7.23E+12,test461,,,,,
test 010,Active,10,2@20.com,https://images.loox.io/uploads/2021/9/18/Vk9VTuRzo.jpg,test010 id,test010 id,2021-09-18T07:00:29.397Z,7.23E+12,test461,,,,,
test 011,Active,11,2@21.com,https://images.loox.io/uploads/2021/9/18/Vk9VTuRzo.jpg,test011 id,test011 id,2021-09-18T06:41:08.616Z,7.23E+12,test461,,,,,
test 012,Active,12,2@22.com,https://images.loox.io/uploads/2021/9/18/Vk9VTuRzo.jpg,test012 id,test012 id,2021-09-18T06:41:08.616Z,7.23E+12,test461,,,,,
test 013,Active,13,2@23.com,https://images.loox.io/uploads/2021/9/18/Vk9VTuRzo.jpg,test013 id,test013 id,2021-09-18T06:58:21.978Z,7.23E+12,test461,,,,,
test 014,Active,14,2@24.com,https://images.loox.io/uploads/2021/9/18/Vk9VTuRzo.jpg,test014 id,test014 id,2021-09-18T07:00:29.398Z,7.23E+12,test461,,,,,
test 015,Active,15,2@25.com,https://images.loox.io/uploads/2021/9/18/Vk9VTuRzo.jpg,test015 id,test015 id,2021-09-18T06:41:08.616Z,7.23E+12,test461,,,,,
test 016,Active,16,2@26.com,https://images.loox.io/uploads/2021/9/18/Vk9VTuRzo.jpg,test016 id,test016 id,2021-09-18T06:41:08.616Z,7.23E+12,test461,,,,,
test 017,Active,17,2@27.com,https://images.loox.io/uploads/2021/9/18/Vk9VTuRzo.jpg,test017 id,test017 id,2021-09-18T06:58:21.979Z,7.23E+12,test461,,,,,
test 018,Active,18,2@28.com,https://images.loox.io/uploads/2021/9/18/Vk9VTuRzo.jpg,test018 id,test018 id,2021-09-18T07:00:29.399Z,7.23E+12,test461,,,,,
test 019,Active,19,2@29.com,https://images.loox.io/uploads/2021/9/18/Vk9VTuRzo.jpg,test019 id,test019 id,2021-09-18T06:41:08.616Z,7.23E+12,test461,,,,,
test 020,Active,20,2@30.com,https://images.loox.io/uploads/2021/9/18/Vk9VTuRzo.jpg,test020 id,test020 id,2021-09-18T06:41:08.616Z,7.23E+12,test461,,,,,
test 021,Active,21,2@31.com,https://images.loox.io/uploads/2021/9/18/Vk9VTuRzo.jpg,test021 id,test021 id,2021-09-18T06:58:21.980Z,7.23E+12,test461,,,,,
test 022,Active,22,2@32.com,https://images.loox.io/uploads/2021/9/18/Vk9VTuRzo.jpg,test022 id,test022 id,2021-09-18T07:00:29.400Z,7.23E+12,test461,,,,,
test 023,Active,23,2@33.com,https://images.loox.io/uploads/2021/9/18/Vk9VTuRzo.jpg,test023 id,test023 id,2021-09-18T06:41:08.616Z,7.23E+12,test461,,,,,
test 024,Active,24,2@34.com,https://images.loox.io/uploads/2021/9/18/Vk9VTuRzo.jpg,test024 id,test024 id,2021-09-18T06:41:08.616Z,7.23E+12,test461,,,,,
test 025,Active,25,2@35.com,https://images.loox.io/uploads/2021/9/18/Vk9VTuRzo.jpg,test025 id,test025 id,2021-09-18T06:58:21.981Z,7.23E+12,test461,,,,,
test 026,Active,26,2@36.com,https://images.loox.io/uploads/2021/9/18/Vk9VTuRzo.jpg,test026 id,test026 id,2021-09-18T07:00:29.401Z,7.23E+12,test461,,,,,
test 027,Active,27,2@37.com,https://images.loox.io/uploads/2021/9/18/Vk9VTuRzo.jpg,test027 id,test027 id,2021-09-18T06:41:08.616Z,7.23E+12,test461,,,,,
test 028,Active,28,2@38.com,https://images.loox.io/uploads/2021/9/18/Vk9VTuRzo.jpg,test028 id,test028 id,2021-09-18T06:41:08.616Z,7.23E+12,test461,,,,,
test 029,Active,29,2@39.com,https://images.loox.io/uploads/2021/9/18/Vk9VTuRzo.jpg,test029 id,test029 id,2021-09-18T06:58:21.982Z,7.23E+12,test461,,,,,
test 030,Active,30,2@40.com,https://images.loox.io/uploads/2021/9/18/Vk9VTuRzo.jpg,test030 id,test030 id,2021-09-18T07:00:29.402Z,7.23E+12,test461,,,,,
test 031,Active,31,2@41.com,https://images.loox.io/uploads/2021/9/18/Vk9VTuRzo.jpg,test031 id,test031 id,2021-09-18T06:41:08.616Z,7.23E+12,test461,,,,,
test 032,Active,32,2@42.com,https://images.loox.io/uploads/2021/9/18/Vk9VTuRzo.jpg,test032 id,test032 id,2021-09-18T06:41:08.616Z,7.23E+12,test461,,,,,
test 033,Active,33,2@43.com,https://images.loox.io/uploads/2021/9/18/Vk9VTuRzo.jpg,test033 id,test033 id,2021-09-18T06:58:21.983Z,7.23E+12,test461,,,,,
test 034,Active,34,2@44.com,https://images.loox.io/uploads/2021/9/18/Vk9VTuRzo.jpg,test034 id,test034 id,2021-09-18T07:00:29.403Z,7.23E+12,test461,,,,,
test 035,Active,35,2@45.com,https://images.loox.io/uploads/2021/9/18/Vk9VTuRzo.jpg,test035 id,test035 id,2021-09-18T06:41:08.616Z,7.23E+12,test461,,,,,
test 036,Active,36,2@46.com,https://images.loox.io/uploads/2021/9/18/Vk9VTuRzo.jpg,test036 id,test036 id,2021-09-18T06:41:08.616Z,7.23E+12,test461,,,,,
test 037,Active,37,2@47.com,https://images.loox.io/uploads/2021/9/18/Vk9VTuRzo.jpg,test037 id,test037 id,2021-09-18T06:58:21.984Z,7.23E+12,test461,,,,,
test 038,Active,38,2@48.com,https://images.loox.io/uploads/2021/9/18/Vk9VTuRzo.jpg,test038 id,test038 id,2021-09-18T07:00:29.404Z,7.23E+12,test461,,,,,
test 039,Active,39,2@49.com,https://images.loox.io/uploads/2021/9/18/Vk9VTuRzo.jpg,test039 id,test039 id,2021-09-18T06:41:08.616Z,7.23E+12,test461,,,,,
test 040,Active,40,2@50.com,https://images.loox.io/uploads/2021/9/18/Vk9VTuRzo.jpg,test040 id,test040 id,2021-09-18T06:41:08.616Z,7.23E+12,test461,,,,,
test 041,Active,41,2@51.com,https://images.loox.io/uploads/2021/9/18/Vk9VTuRzo.jpg,test041 id,test041 id,2021-09-18T06:58:21.985Z,7.23E+12,test461,,,,,
test 042,Active,42,2@52.com,https://images.loox.io/uploads/2021/9/18/Vk9VTuRzo.jpg,test042 id,test042 id,2021-09-18T07:00:29.405Z,7.23E+12,test461,,,,,
test 043,Active,43,2@53.com,https://images.loox.io/uploads/2021/9/18/Vk9VTuRzo.jpg,test043 id,test043 id,2021-09-18T06:41:08.616Z,7.23E+12,test461,,,,,
test 044,Active,44,2@54.com,https://images.loox.io/uploads/2021/9/18/Vk9VTuRzo.jpg,test044 id,test044 id,2021-09-18T06:41:08.616Z,7.23E+12,test461,,,,,
test 045,Active,45,2@55.com,https://images.loox.io/uploads/2021/9/18/Vk9VTuRzo.jpg,test045 id,test045 id,2021-09-18T06:58:21.986Z,7.23E+12,test461,,,,,
test 046,Active,46,2@56.com,https://images.loox.io/uploads/2021/9/18/Vk9VTuRzo.jpg,test046 id,test046 id,2021-09-18T07:00:29.406Z,7.23E+12,test461,,,,,
test 047,Active,47,2@57.com,https://images.loox.io/uploads/2021/9/18/Vk9VTuRzo.jpg,test047 id,test047 id,2021-09-18T06:41:08.616Z,7.23E+12,test461,,,,,
test 048,Active,48,2@58.com,https://images.loox.io/uploads/2021/9/18/Vk9VTuRzo.jpg,test048 id,test048 id,2021-09-18T06:41:08.616Z,7.23E+12,test461,,,,,
test 049,Active,49,2@59.com,https://images.loox.io/uploads/2021/9/18/Vk9VTuRzo.jpg,test049 id,test049 id,2021-09-18T06:58:21.987Z,7.23E+12,test461,,,,,
test 050,Active,50,2@60.com,https://images.loox.io/uploads/2021/9/18/Vk9VTuRzo.jpg,test050 id,test050 id,2021-09-18T07:00:29.407Z,7.23E+12,test461,,,,,
